{
  "#111827": [
    0.21008,
    0.03176,
    264.66
  ],
  "#1E293B": [
    0.2795,
    0.03685,
    260.03
  ],
  "#1F2937": [
    0.27808,
    0.0296,
    256.85
  ],
  "#2E2AA1": [
    0.38105,
    0.18342,
    274.77
  ],
  "#334155": [
    0.3717,
    0.03916,
    257.29
  ],
  "#3730A3": [
    0.39843,
    0.17734,
    277.37
  ],
  "#374151": [
    0.37293,
    0.03062,
    259.73
  ],
  "#3D35C8": [
    0.44655,
    0.21652,
    275.49
  ],
  "#3F38C5": [
    0.44916,
    0.20942,
    276.05
  ],
  "#475569": [
    0.44553,
    0.03745,
    257.28
  ],
  "#4F46E5": [
    0.51057,
    0.23005,
    276.97
  ],
  "#5A5FEF": [
    0.56594,
    0.21193,
    275.76
  ],
  "#5B33BF": [
    0.4598,
    0.20339,
    288.82
  ],
  "#5D60EE": [
    0.56881,
    0.20879,
    276.56
  ],
  "#6366F1": [
    0.5854,
    0.20406,
    277.12
  ],
  "#64748B": [
    0.55439,
    0.04072,
    257.42
  ],
  "#6940D6": [
    0.50995,
    0.21521,
    288.93
  ],
  "#6B7280": [
    0.55102,
    0.02336,
    264.36
  ],
  "#7E5AEE": [
    0.5849,
    0.21188,
    289.38
  ],
  "#9CA3AF": [
    0.71366,
    0.01918,
    261.32
  ],
  "#A5B4FC": [
    0.7853,
    0.10413,
    274.71
  ],
  "#A81E7B": [
    0.50006,
    0.19185,
    345.31
  ],
  "#A9156E": [
    0.49126,
    0.19232,
    350.92
  ],
  "#B12179": [
    0.51649,
    0.19396,
    349.09
  ],
  "#B91C9C": [
    0.54338,
    0.22279,
    337.6
  ],
  "#C026D3": [
    0.59147,
    0.25688,
    322.9
  ],
  "#C81A78": [
    0.55218,
    0.21375,
    355.17
  ],
  "#D02C8C": [
    0.58357,
    0.21442,
    350.38
  ],
  "#D1D5DB": [
    0.87168,
    0.00934,
    258.34
  ],
  "#D62A8A": [
    0.59148,
    0.21926,
    352.47
  ],
  "#E05C9F": [
    0.6617,
    0.17833,
    351.5
  ],
  "#E0E7FF": [
    0.92994,
    0.03343,
    272.79
  ],
  "#E5E7EB": [
    0.92758,
    0.00581,
    264.53
  ],
  "#E879F9": [
    0.74772,
    0.20697,
    322.16
  ],
  "#EC6FB1": [
    0.70889,
    0.16996,
    349.42
  ],
  "#F07BC0": [
    0.7359,
    0.16335,
    345.48
  ],
  "#F3F4F6": [
    0.96696,
    0.00287,
    264.54
  ],
  "#F5D0FE": [
    0.90298,
    0.07324,
    319.62
  ],
  "#FFFFFF": [
    1.0,
    0.0,
    89.88
  ]
}